{
"meta":{"test_sets":[],"test_metrics":[],"learn_metrics":[{"best_value":"Min","name":"MultiClass"}],"launch_mode":"Train","parameters":"","iteration_count":10,"learn_sets":["learn"],"name":"experiment"},
"iterations":[
{"learn":[2.091839022],"iteration":0,"passed_time":0.07914369588,"remaining_time":0.71229326,
{,
{"learn":[1.988208054],"iteration":1,"passed_time":0.1243178807,"remaining_time":0.4972715229},
{"learn":[1.825386911],"iteration":2,"passed_time":0.1572259643,"remaining_time":0.36686058,
{,
{"learn":[1.726322471],"iteration":3,"passed_time":0.1868123113,"remaining_time":0.28021846,
,
{"learn":[1.602442639],"iteration":4,"passed_time":0.2261914982,"remaining_time":0.226191498,
,
{"learn":[1.502698205],"iteration":5,"passed_time":0.2612255199,"remaining_time":0.17415034,
{,
{"learn":[1.406456197],"iteration":6,"passed_time":0.2985573914,"remaining_time":0.12795316,
{,
{"learn":[1.348082165],"iteration":7,"passed_time":0.3338350727,"remaining_time":0.08345876,
{",
{"learn":[1.281265649],"iteration":8,"passed_time":0.3675340916,"remaining_time":0.04083712,
{",
{"learn":[1.207022496],"iteration":9,"passed_time":0.4012253608,"remaining_time":0}
]}