{
"meta":{"test_sets":[],"test_metrics":[],"learn_metrics":[{"best_value":"Min","name":"MultiClass"}],"launch_mode":"Train","parameters":"","iteration_count":10,"learn_sets":["learn"],"name":"experiment"},
"iterations":[
{"learn":[2.114486929],"iteration":0,"passed_time":0.0908003673,"remaining_time":0.8172033057,,
{"learn":[2.019930764],"iteration":1,"passed_time":0.1560101638,"remaining_time":0.6240406551,,
{"learn":[1.879548806],"iteration":2,"passed_time":0.2186065237,"remaining_time":0.510081888,
,
{"learn":[1.768969375],"iteration":3,"passed_time":0.2921523856,"remaining_time":0.438228578,
,
{"learn":[1.656327288],"iteration":4,"passed_time":0.3542007018,"remaining_time":0.354200701,
,
{"learn":[1.576569657],"iteration":5,"passed_time":0.4260595186,"remaining_time":0.2840396,
{",
{"learn":[1.498208228],"iteration":6,"passed_time":0.4933564562,"remaining_time":0.211438,
{"l,
{"learn":[1.42004328],"iteration":7,"passed_time":0.5614831256,"remaining_time":0.1403707,
{",
{"learn":[1.34336751],"iteration":8,"passed_time":0.61514513,"remaining_time":0.06834945889,,
{"learn":[1.297421665],"iteration":9,"passed_time":0.6724260817,"remaining_time":0}
]}