iter	MultiClass
0	2.126908567
1	1.996801847
2	1.856994498
3	1.752686177
4	1.653301373
5	1.574585543
6	1.483550728
7	1.395686853
8	1.369515875
9	1.296543551
