iter	MultiClass
0	2.114486929
1	2.019930764
2	1.87954880633	1.76896937544	1.65632728855	1.57656965766	1.498208227	7	1.4200432888	1.34336751
9	1.297421665


