iter	MultiClass
0	2.091839022
1	1.988208054
2	1.825386911
3	1.726322471
4	1.602442639
5	1.502698205
6	1.406456197
7	1.348082165
8	1.281265649
9	1.207022496
